<?xml version="1.0" encoding="utf-8" ?>
<dwsync>
<file name="ElementosHtml.class.php" server="ftp.neosystemspa.cl/public_html/NeoGuias/" local="131450591946119552" remote="131450627400000000" Dst="1" />
<file name="ElementosHtml.class.php" server="C:/AppServ/www/GuiaColombia/" local="131431066830600665" remote="131431066830000000" Dst="1" />
<file name="Conexion.class.php" server="ftp.neosystemspa.cl/public_html/NeoGuias/" local="131434462712294589" remote="131448202200000000" Dst="1" />
<file name="UbicacionDondeVive.class.php" server="ftp.neosystemspa.cl/public_html/NeoGuias/" local="131442196883150234" remote="131442232800000000" Dst="1" />
<file name="Usuario.class.php" server="ftp.neosystemspa.cl/public_html/NeoGuias/" local="131448184724565042" remote="131448220200000000" Dst="1" />
<file name="Productos.class.php" server="ftp.neosystemspa.cl/public_html/NeoGuias/" local="131450098110433343" remote="131450133600000000" Dst="1" />
<file name="ubicacionDondeVive.class.php" server="ftp.neosystemspa.cl/public_html/NeoGuias/" local="131438361414640485" remote="131438397000000000" Dst="1" />
<file name="Contactar.class.php" server="ftp.neosystemspa.cl/public_html/NeoGuias/" local="131446466319228564" remote="131448202200000000" Dst="1" />
<file name="Categorias.class.php" server="ftp.neosystemspa.cl/public_html/NeoGuias/" local="131448981056210656" remote="131449016400000000" Dst="1" />
<file name="Conexion.class.php" server="C:/AppServ/www/Guiadelturista/" local="131541280570110340" remote="131541280570000000" Dst="2" />
<file name="Usuario.class.php" server="C:/AppServ/www/Guiadelturista/" local="131542071479916245" remote="131542071470000000" Dst="2" />
</dwsync>